Consumable,ATTENUATOR 10DB,200,A,ONT JCOW
Consumable,ATTENUATOR 20DB,161,A,ONT JCOW
Consumable,SMA Male To SMA Male Adapter,183,A,ONT JCOW
Consumable,SMA Female To SMA Female Adapter,173,A,ONT JCOW
Consumable,OPTICAL FIBER CABLE  (PN:SC/UPC-SC/APC-SM-30-1M-SX ) B-G,1135,A,ONT JCOW
Consumable,OPTICAL FIBER CABLE  (PN:FC/UPC-SC/UPC-SM-30-0.5M-SX)  B-SL,300,B,ONT JCOW
Consumable,OPTICAL FIBER CABLE  (PN:SC/UPC-SC/UPC-SM-30-0.5M-SX) B-Y-B,400,B,ONT JCOW
Consumable,OPTICAL FIBER CABLE  (PN:SC/UPC-SC/UPC-SM-30-1M-SX) B-B-B,293,B,ONT JCOW
Consumable,OPTICAL FIBER CABLE  (PN:FC/UPC-SC/UPC-SM-30-1M-SX) B-Y-B ,107,B,ONT JCOW
Consumable,FLANGE PLATE,263,B,ONT JCOW
Consumable,RF CABLE   SMAJ-SMAJ  0.3M,321,C,ONT JCOW
Consumable,RF CABLE SMAJ-SMAJ  5M  BLUE,61,C,ONT JCOW
Consumable,POWER ADAPTER CABLE (DC POWER CABLE O.5),795,C,ONT JCOW
Consumable,RF HIGH FREQUANCY PROBES   ( CO AXIAL ),57,C,ONT JCOW
